Title,Domestic Sales (in $),International Sales (in $),World Sales (in $),Genre,Release Year
Star Wars: Episode VII - The Force Awakens ,936662225,1132859475,2069521700,action adventure scifi,2015
Avengers: Endgame ,858373000,1939128328,2797501328,action adventure drama scifi,2019
Avatar ,760507625,2086738578,2847246203,action adventure fantasy scifi,2009
Black Panther ,700426566,647171407,1347597973,action adventure scifi,2018
Avengers: Infinity War ,678815482,1369544272,2048359754,action adventure scifi,2018
Spider-Man: No Way Home ,675813257,868642706,1544455963,action adventure fantasy scifi,2021
Titanic ,659363944,1542283320,2201647264,drama romance,1997
Jurassic World ,652385625,1018130819,1670516444,action adventure scifi,2015
The Avengers ,623357910,895457605,1518815515,action adventure scifi,2012
Star Wars: Episode VIII - The Last Jedi ,620181382,712517448,1332698830,action adventure fantasy scifi,2017
Incredibles 2 ,608581744,634507500,1243089244,action adventure animation comedy family scifi,2018
The Lion King ,543638043,1119261396,1662899439,adventure animation drama family musical,2019
The Dark Knight ,534858444,471115201,1005973645,action crime drama thriller,2008
Rogue One: A Star Wars Story ,532177324,523880396,1056057720,action adventure scifi,2016
Star Wars: Episode IX - The Rise of Skywalker ,515202542,558946737,1074149279,action adventure fantasy scifi,2019
Beauty and the Beast ,504481165,769095055,1273576220,adventure family fantasy musical romance,2017
Finding Dory ,486295561,542275381,1028570942,adventure animation comedy family,2016
Frozen II ,477373578,972653355,1450026933,adventure animation comedy family fantasy musical,2019
Star Wars: Episode I - The Phantom Menace ,474544677,552538030,1027082707,action adventure fantasy scifi,1999
Star Wars: Episode IV - A New Hope ,460998507,195751992,775398007,action adventure fantasy scifi,1977
Avengers: Age of Ultron ,459005868,943803672,1402809540,action adventure scifi,2015
The Dark Knight Rises ,448139099,633003513,1081142612,action crime drama,2012
Shrek 2 ,441226247,487534523,928760770,adventure animation comedy family fantasy romance,2004
E.T. the Extra-Terrestrial ,435110554,304203888,792910554,adventure family scifi,1982
Toy Story 4 ,434038008,639356585,1073394593,adventure animation comedy family fantasy,2019
Captain Marvel ,426829839,701633133,1128462972,action adventure scifi,2019
The Hunger Games: Catching Fire ,424668047,440343699,865011746,action adventure drama scifi thriller,2013
Pirates of the Caribbean: Dead Man's Chest ,423315812,642863935,1066179747,action adventure fantasy,2006
The Lion King ,422783777,640828028,1063611805,adventure animation drama family musical,1994
Jurassic World: Fallen Kingdom ,417719760,892746536,1310466296,action adventure scifi,2018
Toy Story 3 ,415004880,651965931,1066970811,adventure animation comedy family fantasy,2010
Wonder Woman ,412815408,410009114,822824522,action adventure fantasy scifi war,2017
Iron Man 3 ,409013994,805797258,1214811252,action adventure scifi,2013
Captain America: Civil War ,408084349,745253147,1153337496,action adventure scifi,2016
The Hunger Games ,408010692,286384032,694394724,action adventure scifi thriller,2012
Spider-Man ,407022860,418002176,825025036,action adventure scifi,2002
Jumanji: Welcome to the Jungle ,404540171,558002774,962542945,action adventure comedy fantasy,2017
Jurassic Park ,404214720,629713583,1033928303,action adventure scifi thriller,1993
Transformers: Revenge of the Fallen ,402111870,434191823,836303693,action adventure scifi,2009
Frozen ,400953009,880555091,1281508100,adventure animation comedy family fantasy musical,2013
Spider-Man: Far from Home ,390532085,741395911,1131927996,action adventure scifi,2019
Guardians of the Galaxy Vol. 2 ,389813101,473942950,863756051,action adventure comedy scifi,2017
Harry Potter and the Deathly Hallows: Part 2 ,381409310,960912354,1342321665,adventure fantasy mystery,2011
Finding Nemo ,380843261,559509384,940352645,adventure animation comedy family,2003
Star Wars: Episode III - Revenge of the Sith ,380270577,488119983,868390560,action adventure fantasy scifi,2005
The Lord of the Rings: The Return of the King ,377845905,768185007,1146030912,action adventure drama fantasy,2003
Spider-Man 2 ,373585825,415390628,788976453,action adventure scifi,2004
The Passion of the Christ ,370782930,241271576,612054506,drama,2004
The Secret Life of Pets ,368384330,507074301,875458631,adventure animation comedy family,2016
Despicable Me 2 ,368065385,602700620,970766005,adventure animation comedy crime family scifi,2013
The Jungle Book ,364001123,602553806,966554929,adventure drama family fantasy,2016
Deadpool ,363070709,419766082,782836791,action adventure comedy scifi,2016
Inside Out ,356921711,501926308,858848019,adventure animation comedy drama family fantasy scifi,2015
Aladdin ,355559216,695134737,1050693953,adventure comedy family fantasy musical romance,2019
Furious 7 ,353007020,1162334379,1515341399,action thriller,2015
Transformers: Dark of the Moon ,352390543,771403536,1123794079,action adventure scifi,2011
American Sniper ,350126372,197300000,547426372,action biography drama war,2014
The Lord of the Rings: The Two Towers ,342551365,604943730,947495095,action adventure drama fantasy,2002
Zootopia ,341268248,682852856,1024121104,adventure animation comedy crime family mystery,2016
The Hunger Games: Mockingjay - Part 1 ,337135885,418220826,755356711,action adventure scifi thriller,2014
Spider-Man 3 ,336530303,558453070,894983373,action adventure scifi,2007
Minions ,336045770,823398892,1159444662,adventure animation comedy crime family scifi,2015
Joker ,335451311,738968073,1074419384,crime drama thriller,2019
Aquaman ,335061807,813424079,1148485886,action adventure fantasy scifi,2018
Spider-Man: Homecoming ,334201140,545965784,880166924,action adventure scifi,2017
Alice in Wonderland ,334191110,691277106,1025468216,adventure family fantasy mystery,2010
Guardians of the Galaxy ,333718600,439631547,773350147,action adventure comedy scifi,2014
Forrest Gump ,330455270,347770863,678226133,drama romance,1994
Batman v Superman: Dawn of Justice ,330360194,543277334,873637528,action adventure scifi,2016
It ,328828874,372967570,701796444,horror,2017
Suicide Squad ,325100054,421746840,746846894,action adventure fantasy scifi,2016
Deadpool 2 ,324591735,461304874,785896609,action adventure comedy scifi,2018
Shrek the Third ,322719944,490647436,813367380,adventure animation comedy family fantasy romance,2007
Jumanji: The Next Level ,320314960,479744747,800059707,action adventure comedy fantasy,2019
Transformers ,319246193,390463587,709709780,action adventure scifi,2007
Iron Man ,319034126,266762121,585796247,action adventure scifi,2008
Harry Potter and the Sorcerer's Stone ,318087620,698725454,1016813075,adventure family fantasy,2001
Indiana Jones and the Kingdom of the Crystal Skull ,317101119,473552823,790653942,action adventure,2008
The Lord of the Rings: The Fellowship of the Ring ,315710750,581979322,897690072,action adventure drama fantasy,2001
Thor: Ragnarok ,315058289,538925622,853983911,action adventure comedy fantasy scifi,2017
Iron Man 2 ,312433331,311500000,623933331,action adventure scifi,2010
Star Wars: Episode II - Attack of the Clones ,310676740,343103230,653779970,action adventure fantasy scifi,2002
Pirates of the Caribbean: At World's End ,309420425,651576067,960996492,action adventure fantasy,2007
Star Wars: Episode VI - Return of the Jedi ,309306177,122009457,475106177,action adventure fantasy scifi,1983
Independence Day ,306169268,511231623,817400891,action adventure scifi,1996
Pirates of the Caribbean: The Curse of the Black Pearl ,305413918,348850097,654264015,action adventure fantasy,2003
Skyfall ,304360277,804209222,1108569499,action adventure thriller,2012
The Hobbit: An Unexpected Journey ,303003568,714000000,1017003568,adventure fantasy,2012
Harry Potter and the Half-Blood Prince ,302305431,632148664,934454096,action adventure family fantasy mystery,2009
The Twilight Saga: Eclipse ,300531751,397959596,698491347,action adventure drama fantasy romance thriller,2010
The Twilight Saga: New Moon ,297816253,413209228,711025481,adventure drama fantasy romance,2009
Harry Potter and the Deathly Hallows: Part 1 ,296347721,680695761,977043483,adventure family fantasy mystery,2010
The Sixth Sense ,293506292,379300140,672806432,drama mystery thriller,1999
Up ,293004164,442094938,735099102,adventure animation comedy drama family,2009
Star Wars: Episode V - The Empire Strikes Back ,292753960,190685234,538375067,action adventure fantasy scifi,1980
Inception ,292576195,544260772,836836967,action adventure scifi thriller,2010
Harry Potter and the Order of the Phoenix ,292353413,649818982,942172396,action adventure family fantasy mystery,2007
The Twilight Saga: Breaking Dawn - Part 2 ,292324737,537422917,829747654,adventure drama fantasy romance,2012
"The Chronicles of Narnia: The Lion, the Witch and the Wardrobe ",291710957,453302158,745013115,adventure family fantasy,2005
Man of Steel ,291045518,377000000,668045518,action adventure scifi,2013
"Monsters, Inc. ",290642256,289065482,579707738,adventure animation comedy family fantasy,2001
Harry Potter and the Goblet of Fire ,290417905,606260335,896678241,adventure family fantasy mystery,2005
Home Alone ,285761243,190923432,476684675,comedy family,1990
The Hunger Games: Mockingjay - Part 2 ,281723902,376620235,658344137,action adventure scifi thriller,2015
The Matrix Reloaded ,281576461,460271476,741847937,action scifi,2003
The Twilight Saga: Breaking Dawn - Part 1 ,281287133,430918723,712205856,adventure drama fantasy romance thriller,2011
Meet the Fockers ,279261160,243396776,522657936,comedy romance,2004
The Hangover ,277322503,191988333,469310836,comedy,2009
Gravity ,274092705,449100000,723192705,action drama scifi thriller,2013
The Grinch ,271094731,241474088,512568819,adventure animation comedy family fantasy musical,2018
Sing ,270448425,363759959,634208384,animation comedy family musical,2016
Monsters University ,268492764,475066881,743559645,adventure animation comedy family fantasy,2013
Shrek ,267665011,220188309,487853320,adventure animation comedy family fantasy romance,2001
Despicable Me 3 ,264624300,770175831,1034800131,adventure animation comedy crime family scifi,2017
Harry Potter and the Chamber of Secrets ,262450136,617152229,879602366,adventure family fantasy mystery,2002
The Amazing Spider-Man ,262030663,495900000,757930663,action adventure scifi,2012
The Incredibles ,261441092,370165961,631607053,action adventure animation family,2004
Jaws ,260758300,210653000,471411300,adventure thriller,1975
How the Grinch Stole Christmas ,260465005,85108027,345573032,comedy family fantasy,2000
Captain America: The Winter Soldier ,259766572,454654931,714421503,action adventure scifi thriller,2014
The Hobbit: The Desolation of Smaug ,258366855,700640658,959007513,adventure fantasy,2013
The Lego Movie ,257760692,210300000,468060692,action adventure animation comedy family fantasy scifi,2014
Star Trek ,257730019,127950427,385680446,action adventure scifi,2009
I Am Legend ,256393010,329017042,585410052,action drama scifi thriller,2007
The Blind Side ,255959475,53248834,309208309,biography drama sport,2009
The Hobbit: The Battle of the Five Armies ,255119788,707063077,962182865,adventure fantasy,2014
The Hangover Part II ,254464305,332300000,586764305,comedy,2011
Despicable Me ,251513985,291600000,543113985,adventure animation comedy crime family scifi,2010
Batman ,251348343,160160000,411508343,action adventure,1989
Night at the Museum ,250863268,323617961,574481229,adventure comedy family fantasy,2006
Men in Black ,250690539,338700000,589390539,action adventure comedy scifi,1997
Harry Potter and the Prisoner of Azkaban ,249975996,547385621,797361618,adventure family fantasy mystery,2004
Moana ,248757044,395379444,644136488,adventure animation comedy family fantasy musical,2016
Indiana Jones and the Raiders of the Lost Ark ,248159971,141766000,389925971,action adventure,1981
Toy Story 2 ,245852179,251523202,497375381,adventure animation comedy family fantasy,1999
Transformers: Age of Extinction ,245439076,858614996,1104054072,action adventure scifi,2014
Cars ,244082982,217908885,461991867,adventure animation comedy family sport,2006
Ghostbusters ,243578797,53000000,296578797,action comedy fantasy scifi,1984
Bruce Almighty ,242829261,241763613,484592874,comedy fantasy,2003
Twister ,241721524,252750000,494471524,action adventure thriller,1996
My Big Fat Greek Wedding ,241438208,127305836,368744044,comedy drama romance,2002
Maleficent ,241410378,517001401,758411779,adventure family fantasy romance,2014
Pirates of the Caribbean: On Stranger Tides ,241071802,804642000,1045713802,action adventure fantasy,2011
Shrek Forever After ,238736787,513864080,752600867,adventure animation comedy family fantasy romance,2010
Fast & Furious 6 ,238679850,550001118,788680968,action crime thriller,2013
Brave ,237283207,301700000,538983207,adventure animation comedy family fantasy,2012
Oz the Great and Powerful ,234911825,258400000,493311825,adventure family fantasy,2013
X-Men: The Last Stand ,234362462,226072829,460435291,action adventure scifi,2006
War of the Worlds ,234280354,369592765,603873119,action adventure scifi,2005
Fantastic Beasts and Where to Find Them ,234037575,580006426,814044001,adventure family fantasy,2016
X-Men: Days of Future Past ,233921534,512124166,746045700,action adventure scifi thriller,2014
Cast Away ,233632142,196000000,429632142,adventure drama romance,2000
The Exorcist ,232906145,136017945,441306145,horror,1973
Doctor Strange ,232641920,445154156,677796076,action adventure fantasy scifi,2016
The Lost World: Jurassic Park ,229086679,389552320,618638999,action adventure scifi,1997
Justice League ,229024295,428902692,657926987,action adventure fantasy scifi,2017
Star Trek Into Darkness ,228778661,238586585,467365246,action adventure scifi,2013
The Martian ,228433663,401728785,630162448,adventure drama scifi,2015
Signs ,227966634,180281283,408247917,drama mystery scifi thriller,2002
Hancock ,227946274,401497154,629443428,action drama fantasy,2008
The Bourne Ultimatum ,227471070,216628965,444100035,action mystery thriller,2007
Logan ,226277068,392902882,619179950,action drama scifi thriller,2017
Rush Hour 2 ,226164286,121161516,347325802,action comedy crime thriller,2001
The Fate of the Furious ,226008385,1009996733,1236005118,action crime thriller,2017
Shang-Chi and the Legend of the Ten Rings ,224543292,207689718,432233010,action adventure fantasy scifi,2021
WALL-E ,223808164,297503726,521311890,adventure animation family scifi,2008
Big Hero 6 ,222527828,435341858,657869686,action adventure animation comedy family scifi,2014
Mission: Impossible - Fallout ,220159104,571498294,791657398,action adventure thriller,2018
National Treasure: Book of Secrets ,219964115,239278134,459242249,action adventure mystery thriller,2007
Alvin and the Chipmunks: The Squeakquel ,219614612,223525393,443140005,adventure animation comedy drama family fantasy music musical,2009
Mrs. Doubtfire ,219195243,222090952,441286195,comedy drama family,1993
Beauty and the Beast ,218967620,186043788,424967620,animation family fantasy musical romance,1991
Ted ,218815487,330552828,549368315,comedy,2012
King Kong ,218080025,338826353,556906378,action adventure drama romance,2005
Ghost ,217631306,288072251,505703557,drama fantasy romance thriller,1990
How to Train Your Dragon ,217581231,277298240,494879471,action adventure animation comedy family fantasy,2010
The Da Vinci Code ,217536138,542470807,760006945,mystery thriller,2006
Aladdin ,217350219,286700000,504050219,adventure animation comedy family fantasy musical romance,1992
Alvin and the Chipmunks ,217326974,148025572,365352546,adventure animation comedy drama family fantasy music musical,2007
Saving Private Ryan ,217049603,265300000,482349603,drama war,1998
Bohemian Rhapsody ,216668042,694141269,910809311,biography drama music,2018
Ant-Man and the Wasp ,216648740,406025399,622674139,action adventure comedy scifi,2018
Madagascar 3: Europe's Most Wanted ,216391482,530529792,746921274,adventure animation comedy family,2012
Kung Fu Panda ,215434591,416311606,631746197,action adventure animation comedy family fantasy,2008
Mission: Impossible II ,215409889,330978219,546388108,action adventure thriller,2000
A Star Is Born ,215288866,220900000,436188866,drama music romance,2018
X2: X-Men United ,214949694,192761855,407711549,action scifi thriller,2003
The Lorax ,214030500,134809816,348840316,adventure animation comedy drama family fantasy musical,2012
Solo: A Star Wars Story ,213767512,179157295,392924807,action adventure scifi,2018
Venom ,213515506,642569645,856085151,action adventure scifi,2018
Austin Powers in Goldmember ,213307889,83630912,296938801,action adventure comedy crime,2002
Venom: Let There Be Carnage ,212638437,288500000,501138437,action adventure scifi thriller,2021
It Chapter Two ,211593228,261500000,473093228,drama fantasy horror,2019
Back to the Future ,211406762,170500000,381906762,adventure comedy scifi,1985
300 ,210614939,245453242,456068181,action drama,2006
Coco ,210460015,597357873,807817888,adventure animation comedy family fantasy music mystery,2017
Fast Five ,209837675,416300000,626137675,action crime thriller,2011
Mission: Impossible - Ghost Protocol ,209397903,485315477,694713380,action adventure thriller,2011
Wedding Crashers ,209255921,79211724,288467645,comedy romance,2005
Sherlock Holmes ,209028679,315000000,524028679,action adventure mystery,2009
Dawn of the Planet of the Apes ,208545589,502098977,710644566,action adventure drama scifi thriller,2014
Batman Begins ,206852432,166809514,373661946,action crime drama,2005
Charlie and the Chocolate Factory ,206459076,268509687,474968763,adventure comedy family fantasy musical,2005
Ratatouille ,206445654,417280431,623726085,adventure animation comedy family fantasy,2007
Thor: The Dark World ,206362140,438421000,644783140,action adventure fantasy,2013
Bad Boys for Life ,206305244,220200000,426505244,action comedy crime thriller,2020
Austin Powers: The Spy Who Shagged Me ,206040086,105976842,312016928,action adventure comedy crime,1999
Terminator 2: Judgment Day ,205881154,312106698,520881154,action scifi,1991
The Amazing Spider-Man 2 ,202853933,506128390,708982323,action adventure scifi,2014
World War Z ,202807711,337648165,540455876,action adventure horror scifi,2013
The Mummy Returns ,202019785,241261119,443280904,action adventure fantasy thriller,2001
Armageddon ,201578182,352131606,553709788,action adventure scifi thriller,1998
Cinderella ,201151353,341206978,542358331,adventure drama family fantasy romance,2015
Ralph Breaks the Internet ,201091711,328232251,529323962,adventure animation comedy family fantasy scifi,2018
Tangled ,200821936,391640880,592462816,adventure animation comedy family fantasy musical romance,2010
Godzilla ,200676069,324300000,524976069,action adventure scifi thriller,2014
Superman Returns ,200081192,191000000,391081192,action adventure scifi,2006
Spectre ,200074609,680606910,880681519,action adventure thriller,2015
Pearl Harbor ,198542554,250678391,449220945,action drama history romance war,2001
Monsters vs. Aliens ,198351526,183158344,381509870,action adventure animation comedy family fantasy scifi,2009
Happy Feet ,198000317,186335791,384336108,adventure animation comedy family music musical romance,2006
Indiana Jones and the Last Crusade ,197171806,277000000,474171806,action adventure,1989
Ice Age: Dawn of the Dinosaurs ,196573705,690113112,886686817,adventure animation comedy family,2009
Ice Age: The Meltdown ,195330621,471763885,667094506,adventure animation comedy family,2006
Mission: Impossible - Rogue Nation ,195042377,487674259,682716636,action adventure thriller,2015
Twilight ,193962473,214467942,408430415,drama fantasy romance,2008
Men in Black II ,193735288,251400000,445135288,action adventure comedy mystery scifi,2002
Madagascar ,193595521,348468325,542063846,adventure animation comedy family,2005
22 Jump Street ,191719337,139614539,331333876,action comedy crime,2014
Cars 2 ,191452396,368400000,559852396,adventure animation comedy family sport,2011
Teenage Mutant Ninja Turtles ,191204754,293800000,485004754,action adventure animation comedy scifi,2014
Spider-Man: Into the Spider-Verse ,190241310,185299521,375540831,action adventure animation comedy family fantasy scifi,2018
Grease ,190071103,206200000,396271103,comedy musical romance,1978
Dunkirk ,189740665,337275642,527016307,action drama history thriller war,2017
Wreck-It Ralph ,189422889,281800000,471222889,adventure animation comedy family fantasy scifi,2012
A Quiet Place ,188024361,152928610,340952971,drama horror scifi,2018
Interstellar ,188020017,513709189,701729206,adventure drama scifi,2014
The Polar Express ,187935490,126279964,314215454,adventure animation comedy family fantasy musical,2004
Gladiator ,187705427,277675375,465380802,action adventure drama,2000
The Croods ,187168425,400067558,587235983,adventure animation comedy family fantasy,2013
Sherlock Holmes: A Game of Shadows ,186848418,357000000,543848418,action adventure mystery,2011
The Day After Tomorrow ,186740799,365898772,552639571,action adventure scifi thriller,2004
Mr. & Mrs. Smith ,186336279,300951367,487287646,action comedy crime thriller,2005
Snow White and the Seven Dwarfs ,184925486,184925486,184925486,adventure animation family fantasy musical romance,1937
Pitch Perfect 2 ,184296230,102847849,287144079,comedy music,2015
Dances with Wolves ,184208848,240000000,424208848,adventure drama western,1990
Batman Forever ,184069126,152498032,336567158,action adventure,1995
The Fugitive ,183875760,185000000,368875760,action crime drama mystery thriller,1993
Black Widow ,183651655,195979696,379631351,action adventure scifi,2021
The Revenant ,183637894,349312609,532950503,action adventure drama history western,2015
Ocean's Eleven ,183417150,267300000,450717150,crime thriller,2001
The Simpsons Movie ,183135014,353279279,536414293,adventure animation comedy,2007
What Women Want ,182811707,191300000,374111707,comedy fantasy romance,2000
The Perfect Storm ,182618434,146100000,328718434,action adventure drama thriller,2000
Lincoln ,182207973,93085477,275293450,biography drama history war,2012
Liar Liar ,181410615,121300000,302710615,comedy fantasy,1997
Jurassic Park III ,181171875,187608934,368780809,action adventure scifi thriller,2001
Thor ,181030624,268295994,449326618,action adventure fantasy,2011
Mission: Impossible ,180981856,276714535,457696391,action adventure thriller,1996
Ant-Man ,180202163,339109802,519311965,action adventure comedy scifi,2015
Planet of the Apes ,180011740,182200000,362211740,action adventure scifi thriller,2001
Madagascar: Escape 2 Africa ,180010950,423889404,603900354,adventure animation comedy family,2008
X-Men Origins: Wolverine ,179883157,193179707,373062864,action scifi,2009
Indiana Jones and the Temple of Doom ,179870271,153237000,333107271,action adventure,1984
Hitch ,179495555,192098655,371594210,comedy romance,2005
Men in Black 3 ,179020854,445005922,624026776,action adventure comedy scifi,2012
Pretty Woman ,178406268,285000000,463406268,comedy romance,1990
Home ,177397510,208644097,386041607,adventure animation comedy family fantasy scifi,2015
Night at the Museum: Battle of the Smithsonian ,177243721,235862449,413106170,adventure comedy family fantasy,2009
Tootsie ,177200000,177200000,177200000,comedy drama romance,1982
How to Train Your Dragon 2 ,177002924,444534595,621537519,action adventure animation comedy family fantasy,2014
Rise of the Planet of the Apes ,176760185,305040688,481800873,action drama scifi thriller,2011
Captain America: The First Avenger ,176654505,193915269,370569774,action adventure scifi,2011
Elf ,176630408,47223328,223853736,adventure comedy family fantasy romance,2003
The Karate Kid ,176591618,182534404,359126022,action drama family sport,2010
There's Something About Mary ,176484651,193400000,369884651,comedy romance,1998
Ice Age ,176387405,206869731,383257136,adventure animation comedy family,2002
The Bourne Supremacy ,176241941,114593328,290835269,action mystery thriller,2004
The Lego Batman Movie ,175750384,136200000,311950384,action adventure animation comedy family fantasy scifi,2017
Us ,175084580,80100902,255185482,horror mystery thriller,2019
The Boss Baby ,175003033,352962903,527965936,adventure animation comedy family fantasy,2017
Crazy Rich Asians ,174532921,64006277,238539198,comedy drama romance,2018
The Greatest Showman ,174340174,262609460,436949634,biography drama musical,2017
Fast & Furious Presents: Hobbs & Shaw ,173956935,585100000,759056935,action adventure thriller,2019
Apollo 13 ,173837933,181077570,355237933,adventure drama history,1995
Home Alone 2: Lost in New York ,173585516,185409334,358994850,adventure comedy crime family,1992
National Treasure ,173008894,174503424,347512318,action adventure mystery thriller,2004
F9: The Fast Saga ,173005945,553223556,726229501,action crime thriller,2021
Air Force One ,172956409,142200000,315156409,action drama thriller,1997
Rain Man ,172825435,182000000,354825435,drama,1988
Pirates of the Caribbean: Dead Men Tell No Tales ,172558876,622322566,794881442,action adventure fantasy,2017
TRON: Legacy ,172062763,228001089,400063852,action adventure scifi,2010
Mary Poppins Returns ,171958438,177587704,349546142,adventure comedy family fantasy musical,2018
The Matrix ,171479930,295145800,466625730,action scifi,1999
True Grit ,171243005,81033922,252276927,drama western,2010
Tarzan ,171091819,277100000,448191819,adventure animation comedy drama family music,1999
John Wick: Chapter 3 - Parabellum ,171015687,156266092,327281779,action crime thriller,2019
A Beautiful Mind ,170742341,146048916,316791257,biography drama,2001
Chicago ,170687518,136089214,306776732,comedy crime musical,2002
The Help ,169708112,46931000,216639112,drama,2011
Hotel Transylvania 2 ,169700110,305486596,475186706,adventure animation comedy family fantasy horror,2015
Hidden Figures ,169607287,66349611,235956898,biography drama history,2016
Bridesmaids ,169106725,119276798,288383523,comedy romance,2011
Quantum of Solace ,168368427,421212055,589580482,action adventure thriller,2008
Wild Hogs ,168273550,85351877,253625427,action adventure comedy,2007
Kong: Skull Island ,168052812,398600000,566652812,action adventure fantasy scifi,2017
Three Men and a Baby ,167780960,167780960,167780960,comedy drama family,1987
Gone Girl ,167767189,201563174,369330363,drama mystery thriller,2014
Hotel Transylvania 3: Summer Vacation ,167510016,361073758,528583774,adventure animation comedy family fantasy horror,2018
Casino Royale ,167445960,449056952,616502912,action adventure thriller,2006
Meet the Parents ,166244045,164200000,330444045,comedy romance,2000
Fifty Shades of Grey ,166167230,403484237,569651467,drama romance thriller,2015
2012 ,166112167,625105659,791217826,action adventure scifi,2009
Robin Hood: Prince of Thieves ,165493908,225000000,390493908,action adventure drama romance,1991
Knives Out ,165363234,146242347,311605581,comedy crime drama mystery thriller,2019
Kung Fu Panda 2 ,165249063,500443218,665692281,action adventure animation comedy family fantasy,2011
Hannibal ,165092268,186600000,351692268,crime drama thriller,2001
Eternals ,164819595,237027887,401847482,action adventure fantasy scifi,2021
Catch Me If You Can ,164615351,187498961,352114312,biography crime drama,2002
The Proposal ,163958031,153417000,317375031,comedy drama romance,2009
The Pursuit of Happyness ,163566459,143561166,307127625,biography drama,2006
Big Daddy ,163479795,71322100,234801895,comedy drama,1999
Clash of the Titans ,163214888,330000105,493214993,action adventure fantasy,2010
The SpongeBob Movie: Sponge Out of Water ,162994032,162192000,325186032,adventure animation comedy family fantasy,2015
Batman Returns ,162902340,103990656,266892996,action crime fantasy,1992
Django Unchained ,162805434,263268939,426074373,drama western,2012
A Bug's Life ,162798565,200460294,363258859,adventure animation comedy family fantasy,1998
Jason Bourne ,162434410,253050504,415484914,action thriller,2016
Grown Ups ,162001186,109456115,271457301,comedy,2010
The Waterboy ,161491646,24500000,185991646,comedy sport,1998
Ice Age: Continental Drift ,161321843,715922939,877244782,adventure animation comedy family,2012
Straight Outta Compton ,161197785,40437206,201634991,biography drama history music,2015
Die Another Day ,160942139,271028977,431971116,action adventure thriller,2002
Shark Tale ,160861908,213721971,374583879,adventure animation comedy family thriller,2004
How to Train Your Dragon: The Hidden World ,160799505,363589578,524389083,action adventure animation comedy family fantasy,2019
No Time to Die ,160772007,613262000,774034007,action adventure thriller,2021
A Quiet Place Part II ,160072261,137300000,297372261,drama horror scifi thriller,2020
The Heat ,159582188,70348583,229930771,action comedy crime,2013
Fantastic Beasts: The Crimes of Grindelwald ,159555901,495300000,654855901,adventure family fantasy,2018
Halloween ,159342015,96272926,255614941,crime horror thriller,2018
1917 ,159227644,225691745,384919389,action drama war,2019
The Secret Life of Pets 2 ,158874395,271176898,430051293,adventure animation comedy family,2019
Star Trek Beyond ,158848340,184623476,343471816,action adventure scifi thriller,2016
The Firm ,158348367,111900000,270248367,drama mystery thriller,1993
The Longest Yard ,158119460,33347096,191466556,comedy crime sport,2005
X-Men ,157299718,139039810,296339528,action adventure scifi,2000
Scary Movie ,157019771,121000000,278019771,comedy,2000
Who Framed Roger Rabbit ,156452370,173351588,329803958,adventure animation comedy crime family fantasy mystery,1988
What Lies Beneath ,155464351,135956000,291420351,drama horror mystery thriller,2000
X-Men: Apocalypse ,155442489,388491616,543934105,action adventure scifi,2016
The Mummy ,155385488,260547918,415933406,action adventure fantasy,1999
Snow White and the Huntsman ,155332381,241260448,396592829,action adventure drama fantasy,2012
San Andreas ,155190832,318818322,474009154,action adventure thriller,2015
Fast & Furious ,155064265,205302605,360366870,action crime thriller,2009
Over the Hedge ,155019340,184776550,339795890,adventure animation comedy family,2006
Fantastic Four ,154696080,178839854,333535934,action adventure fantasy scifi,2005
Horton Hears a Who! ,154529439,144043360,298572799,adventure animation comedy drama family fantasy music,2008
Mad Max: Fury Road ,154058340,221600410,375658750,action adventure scifi thriller,2015
Jerry Maguire ,153952592,119600000,273552592,comedy drama romance sport,1996
Trolls ,153707064,193157822,346864886,adventure animation comedy family fantasy musical romance,2016
Scooby-Doo ,153294164,122356539,275650703,adventure comedy family fantasy mystery,2002
Cars 3 ,152901115,231029541,383930656,adventure animation comedy family sport,2017
Sex and the City ,152647258,266118261,418765519,comedy drama romance,2008
Runaway Bride ,152257509,157202783,309460292,comedy romance,1999
La La Land ,151101803,297805062,448906865,comedy drama music musical romance,2016
Divergent ,150947895,137937923,288885818,action adventure mystery scifi,2014
We're the Millers ,150394119,119600000,269994119,comedy crime,2013
Terminator 3: Rise of the Machines ,150371112,283000000,433371112,action scifi,2003
Daddy's Home ,150357137,92429000,242786137,comedy family,2015
G.I. Joe: The Rise of Cobra ,150201498,152267519,302469017,action adventure scifi thriller,2009
Neighbors ,150157400,120507734,270665134,comedy,2014
American Hustle ,150117807,101054000,251171807,crime drama,2013
Puss in Boots ,149260504,405726973,554987477,adventure animation comedy family fantasy,2011
Sonic the Hedgehog ,148974665,170741018,319715683,action adventure comedy scifi,2020
Les Misérables ,148809770,293489539,442299309,drama musical romance,2012
Knocked Up ,148768917,71153500,219922417,comedy romance,2007
As Good as It Gets ,148478011,165700000,314178011,comedy drama romance,1997
Little Fockers ,148438600,162211985,310650585,comedy romance,2010
Megamind ,148415853,173469912,321885765,action animation comedy crime family mystery scifi thriller,2010
Hotel Transylvania ,148313048,210062555,358375603,animation comedy family fantasy horror,2012
Talladega Nights: The Ballad of Ricky Bobby ,148213377,15148718,163362095,comedy sport,2006
Gran Torino ,148095302,121862926,269958228,drama,2008
Lethal Weapon 2 ,147253986,80600000,227853986,action crime thriller,1989
War for the Planet of the Apes ,146880162,343839601,490719763,action adventure drama scifi thriller,2017
X-Men: First Class ,146408305,206208385,352616690,action adventure scifi,2011
Paul Blart: Mall Cop ,146336178,37012251,183348429,action comedy crime family,2009
True Lies ,146282411,232600000,378882411,action comedy thriller,1994
Lilo & Stitch ,145794338,127349813,273144151,adventure animation comedy drama family fantasy scifi,2002
The Santa Clause ,145539357,45000000,190539357,comedy drama family fantasy,1994
The Meg ,145443742,384994536,530438278,action horror scifi thriller,2018
American Pie 2 ,145103595,142450000,287553595,comedy,2001
Taken ,145000989,81836771,226837760,action crime thriller,2008
The Great Gatsby ,144840419,208801855,353642274,drama romance,2013
"I, Robot ",144801023,208332875,353133898,action mystery scifi thriller,2004
Lethal Weapon 3 ,144731527,177000000,321731527,action crime thriller,1992
The Fast and the Furious ,144533925,62771584,207305509,action crime thriller,2001
Mamma Mia! ,144169664,467088155,611257819,comedy musical romance,2008
Doctor Dolittle ,144156605,150300000,294456605,comedy family fantasy,1998
Pokémon Detective Pikachu ,144105346,289409488,433514834,action adventure comedy family mystery scifi,2019
Rio ,143619809,340246709,483866518,adventure animation comedy family music musical,2011
Kung Fu Panda 3 ,143528619,377642206,521170825,action adventure animation comedy family fantasy,2016
Juno ,143495265,88877416,232372681,comedy drama,2007
Marley & Me ,143153751,112589342,255743093,comedy drama family,2008
The Smurfs ,142614158,421135165,563749323,adventure animation comedy family fantasy,2011
Once Upon a Time... In Hollywood ,142502728,232063026,374565754,comedy drama,2019
xXx ,142109382,135339000,277448382,action adventure thriller,2002
The Chronicles of Narnia: Prince Caspian ,141621490,278044078,419665568,action adventure family fantasy,2008
Pocahontas ,141579773,204500000,346079773,adventure animation drama family musical romance,1995
A Few Good Men ,141340178,101900000,243240178,drama thriller,1992
Slumdog Millionaire ,141319928,237090614,378410542,drama romance,2008
Rush Hour ,141186864,103534200,244721064,action comedy crime thriller,1998
The Blair Witch Project ,140539099,108100000,248639099,horror mystery,1999
Deep Impact ,140464664,209000000,349464664,action drama scifi thriller,1998
Shazam! ,140371656,225600000,365971656,action adventure comedy fantasy,2019
Ocean's Eight ,140218711,157500000,297718711,action comedy crime thriller,2018
Rush Hour 3 ,140125968,117971154,258097122,action comedy crime thriller,2007
Stuart Little ,140035367,160100000,300135367,adventure comedy family fantasy,1999
Taken 2 ,139854287,236298168,376152455,action crime thriller,2012
Sister Act ,139605150,92000000,231605150,comedy family music,1992
The Matrix Revolutions ,139313948,288030377,427344325,action scifi,2003
The Santa Clause 2 ,139236327,33618738,172855065,comedy family fantasy,2002
The King's Speech ,138797449,288576868,427374317,biography drama history,2010
Cheaper by the Dozen ,138614544,51924086,190538630,comedy family,2003
Bad Boys II ,138608444,134731112,273339556,action comedy crime thriller,2003
Platoon ,138530565,15067,138545632,drama war,1986
21 Jump Street ,138447667,63137661,201585328,action comedy crime,2012
Good Will Hunting ,138433435,87500000,225933435,drama romance,1997
Split ,138291365,140163052,278454417,horror thriller,2016
A Christmas Carol ,137855863,187430783,325286646,adventure animation comedy drama family fantasy,2009
Dinosaur ,137748063,212074702,349822765,adventure animation drama family fantasy,2000
Ready Player One ,137690172,445203499,582893671,action adventure scifi,2018
The Conjuring ,137400141,182890848,320290989,horror mystery thriller,2013
Click ,137355633,103329693,240685326,comedy drama fantasy romance,2006
The Green Mile ,136801374,150000000,286801374,crime drama fantasy mystery,1999
Ransom ,136492681,173000000,309492681,action crime thriller,1996
Godzilla ,136314294,242700000,379014294,action scifi thriller,1998
Argo ,136025503,96300000,232325503,biography drama thriller,2012
Anger Management ,135645823,60100000,195745823,comedy,2003
Chicken Little ,135386665,179046172,314432837,adventure animation comedy family fantasy scifi,2005
Teenage Mutant Ninja Turtles ,135265915,66700000,201965915,action adventure comedy family scifi,1990
Patch Adams ,135026902,67266000,202292902,biography comedy drama romance,1998
The Godfather ,134966411,111154575,246120986,crime drama,1972
Ride Along ,134938200,19530702,154468902,action comedy crime,2014
The Incredible Hulk ,134806913,129964083,264770996,action adventure scifi,2008
Live Free or Die Hard ,134529403,253626608,388156011,action thriller,2007
Wanted ,134508551,207954512,342463063,action crime thriller,2008
Identity Thief ,134506920,39458090,173965010,comedy crime drama,2013
Superman ,134451603,166000000,300451603,action adventure scifi,1978
The Rock ,134069511,200993110,335062621,action adventure thriller,1996
Mission: Impossible III ,134029801,264449696,398479497,action adventure thriller,2006
Grown Ups 2 ,133668525,113315753,246984278,comedy,2013
Troy ,133378256,364031596,497409852,drama history,2004
Angels & Demons ,133375846,352554970,485930816,action mystery thriller,2009
Alvin and the Chipmunks: Chipwrecked ,133110742,209584693,342695435,adventure animation comedy family fantasy music musical,2011
Bringing Down the House ,132716677,32013002,164729679,comedy,2003
The Wolverine ,132556852,282271394,414828246,action scifi,2013
Wonder ,132422809,173786480,306209289,drama family,2017
The Departed ,132384315,159081058,291465373,crime drama thriller,2006
Hulk ,132177234,113107931,245285165,action scifi,2003
Silver Linings Playbook ,132092958,104319495,236412453,comedy drama romance,2012
Minority Report ,132072926,226300000,358372926,action crime mystery scifi thriller,2002
Fantastic 4: Rise of the Silver Surfer ,131921738,169991393,301913131,action adventure fantasy scifi,2007
The Last Airbender ,131772187,187941694,319713881,action adventure family fantasy,2010
Rio 2 ,131538435,367242682,498781117,adventure animation comedy family music musical,2014
Lara Croft: Tomb Raider ,131168070,143535270,274703340,action adventure fantasy thriller,2001
The Silence of the Lambs ,130742922,142000000,272742922,crime drama horror thriller,1991
The Flintstones ,130531208,211100000,341631208,comedy family fantasy,1994
Lethal Weapon 4 ,130444603,155000000,285444603,action crime thriller,1998
Get Smart ,130319208,100366245,230685453,action adventure comedy,2008
The Divergent Series: Insurgent ,130179072,166823455,297002527,action adventure scifi thriller,2015
The Peanuts Movie ,130178411,116054702,246233113,adventure animation comedy drama family,2015
Transformers: The Last Knight ,130168683,475256474,605425157,action adventure scifi,2017
American Gangster ,130164645,139590785,269755430,biography crime drama,2007
American Beauty ,130096601,226200000,356296601,drama,1999
The Ring ,129128133,120220800,249348933,horror mystery,2002
The Nutty Professor ,128814019,145147000,273961019,comedy romance scifi,1996
Borat: Cultural Learnings of America for Make Benefit Glorious Nation of Kazakhstan ,128505958,134046935,262552893,comedy,2006
Ghostbusters ,128350574,100796935,229147509,action comedy fantasy scifi,2016
Kingsman: The Secret Service ,128261724,286089822,414351546,action adventure comedy thriller,2014
Robots ,128200012,134311478,262511490,adventure animation comedy family romance scifi,2005
"Crouching Tiger, Hidden Dragon ",128078872,85446864,213525736,action adventure drama fantasy romance,2000
Shutter Island ,128012934,166792763,294805697,mystery thriller,2010
Into the Woods ,128002372,84900000,212902372,adventure comedy drama fantasy musical,2014
Rocky IV ,127873716,172600000,300473716,drama sport,1985
Enchanted ,127807262,212680574,340487836,adventure animation comedy family fantasy musical romance,2007
The Curious Case of Benjamin Button ,127509326,208293460,335802786,drama fantasy romance,2008
Central Intelligence ,127440871,89531672,216972543,action comedy crime,2016
Anchorman 2: The Legend Continues ,127352707,46297224,173649931,comedy,2013
Sweet Home Alabama ,127223418,53399006,180622424,comedy romance,2002
Bumblebee ,127195589,340794056,467989645,action adventure scifi,2018
Dumb and Dumber ,127175374,120100000,247275374,comedy,1994
2 Fast 2 Furious ,127154901,109195760,236350661,action crime thriller,2003
My Best Friend's Wedding ,127120029,172168576,299288605,comedy drama romance,1997
Super 8 ,127004179,133091807,260095986,action mystery scifi thriller,2011
The World Is Not Enough ,126943684,234888716,361832400,action adventure thriller,1999
Sleepless in Seattle ,126808165,101119000,227927165,comedy drama romance,1993
Lucy ,126663600,332200000,458863600,action scifi thriller,2014
The Legend of Tarzan ,126643061,230057296,356700357,action adventure drama fantasy romance,2016
Bee Movie ,126631277,166883059,293514336,adventure animation comedy drama family,2007
Prometheus ,126477084,276877385,403354469,adventure mystery scifi,2012
Safe House ,126373434,81702771,208076205,action thriller,2012
Mr. Deeds ,126293452,44976083,171269535,comedy romance,2002
The Truman Show ,125618201,138500000,264118201,comedy drama,1998
Erin Brockovich ,125595205,130676081,256271286,biography drama,2000
Ocean's Twelve ,125544280,237200000,362744280,crime thriller,2004
Terminator Salvation ,125322469,246030532,371353001,action scifi,2009
Charlie's Angels ,125305545,138800000,264105545,action adventure comedy crime thriller,2000
Tomorrow Never Dies ,125304276,207706792,333011068,action adventure thriller,1997
Ghostbusters: Afterlife ,125278330,66100000,191378330,adventure comedy fantasy scifi,2021
Lone Survivor ,125095601,29707311,154802912,action biography drama war,2013
Sully ,125070033,115727590,240797623,biography drama,2016
The Vow ,125014030,71100540,196114570,drama romance,2012
Life of Pi ,124987023,484029542,609016565,adventure drama fantasy,2012
The Fault in Our Stars ,124872350,182294484,307166834,drama romance,2014
Cloudy with a Chance of Meatballs ,124870275,118135851,243006126,adventure animation comedy drama family fantasy scifi,2009
The Devil Wears Prada ,124740460,201965655,326706115,comedy drama,2006
Something's Gotta Give ,124728738,140600000,265328738,comedy drama romance,2003
Traffic ,124115725,83400000,207515725,crime drama thriller,2000
The Birdcage ,124060553,61200000,185260553,comedy,1996
City Slickers ,124033791,55000000,179033791,comedy western,1991
Rango ,123477607,122246996,245724603,action adventure animation comedy family western,2011
Nutty Professor II: The Klumps ,123309890,43030000,166339890,comedy romance scifi,2000
The Good Dinosaur ,123087120,209120551,332207671,adventure animation comedy drama family,2015
G.I. Joe: Retaliation ,122523060,253217645,375740705,action adventure scifi thriller,2013
Clear and Present Danger ,122187717,93700000,215887717,action crime drama thriller,1994
The Hunt for Red October ,122012643,78500000,200512643,action adventure thriller,1990
The Bodyguard ,122006740,289000000,411006740,action drama music romance thriller,1992
Wayne's World ,121697323,61400000,183097323,comedy music,1992
The Bourne Identity ,121661683,92372541,214034224,action mystery thriller,2002
Free Guy ,121626598,209877159,331503757,action adventure comedy fantasy scifi,2021
Superbad ,121463226,49349300,170812526,comedy,2007
Speed ,121248145,229200000,350448145,action adventure thriller,1994
50 First Dates ,120908074,77612860,198520934,comedy drama romance,2004
Mamma Mia! Here We Go Again ,120634935,281619449,402254384,comedy musical romance,2018
Inglourious Basterds ,120540719,200917028,321457747,adventure drama war,2009
Seabiscuit ,120277854,28058591,148336445,drama history sport,2003
Van Helsing ,120177084,179980554,300157638,action adventure fantasy thriller,2004
Four Christmases ,120146040,43966681,164112721,comedy drama romance,2008
I Now Pronounce You Chuck & Larry ,120059556,67074561,187134117,comedy romance,2007
The Mask ,119938730,231644677,351583407,action comedy crime fantasy,1994
Cloudy with a Chance of Meatballs 2 ,119793567,154532382,274325949,adventure animation comedy drama family fantasy scifi,2013
Hook ,119654823,181200000,300854823,adventure comedy family fantasy,1991
Walk the Line ,119519402,67278584,186797986,biography drama music romance,2005
G-Force ,119436770,173381128,292817898,action adventure animation comedy family fantasy scifi,2009
Total Recall ,119412921,141905000,261317921,action adventure scifi,1990
The Other Guys ,119219978,51238944,170458922,action comedy crime,2010
Fahrenheit 9/11 ,119194771,103252111,222446882,documentary drama war,2004
Back to the Future Part II ,119000002,213500000,332500002,adventure comedy scifi,1989
The Sum of All Fears ,118907036,75014336,193921372,action drama thriller war,2002
Hairspray ,118871849,84681462,203553311,comedy drama musical romance,2007
The Break-Up ,118703275,86964935,205668210,comedy drama romance,2006
A Series of Unfortunate Events ,118634549,92833686,211468235,adventure comedy family fantasy,2004
Blades of Glory ,118594548,27115799,145710347,comedy sport,2007
Salt ,118311368,175191986,293503354,action thriller,2010
Basic Instinct ,117727224,235200000,352927224,drama mystery thriller,1992
Now You See Me ,117723989,234000000,351723989,crime mystery thriller,2013
Ford v Ferrari ,117624357,107883853,225508210,action biography drama sport,2019
Big Momma's House ,117559438,56400000,173959438,action comedy crime,2000
Die Hard 2 ,117540947,122490327,240031274,action thriller,1990
Horrible Bosses ,117538559,92300000,209838559,comedy crime,2011
The Nun ,117450119,248101575,365551694,horror mystery thriller,2018
Jackass 3D ,117229692,54456100,171685792,action comedy documentary,2010
Ocean's Thirteen ,117154724,194157900,311312624,crime thriller,2007
Jungle Cruise ,116987516,103901930,220889446,action adventure comedy fantasy,2021
S.W.A.T. ,116934650,90790989,207725639,action adventure crime thriller,2003
The Wolf of Wall Street ,116900694,275100000,392000694,biography comedy crime drama,2013
8 Mile ,116750901,126124177,242875078,drama music,2002
Double Jeopardy ,116741558,61100000,177841558,crime drama mystery thriller,1999
Lee Daniels' The Butler ,116632095,60681700,177313795,biography drama,2013
Green Lantern ,116601172,103250000,219851172,action adventure scifi,2011
Notting Hill ,116089678,247800000,363889678,comedy drama romance,1999
You've Got Mail ,115821495,135000000,250821495,comedy drama romance,1998
Ghost Rider ,115802596,112935797,228738393,action fantasy thriller,2007
Remember the Titans ,115719751,21051932,136771683,biography drama sport,2000
Creed II ,115715889,98500000,214215889,drama sport,2018
District 9 ,115646235,95242715,210888950,action scifi thriller,2009
Unbroken ,115637895,45821402,161459297,action biography drama sport war,2014
Peter Rabbit ,115253424,236242642,351496066,adventure animation comedy crime drama family fantasy,2018
Girls Trip ,115171585,25380774,140552359,adventure comedy drama,2017
Dumbo ,114766307,238518314,353284621,adventure family fantasy,2019
Fifty Shades Darker ,114581250,266964596,381545846,drama romance,2017
Dodgeball: A True Underdog Story ,114326736,54096491,168423227,comedy sport,2004
The Village ,114197520,142500000,256697520,drama mystery thriller,2004
Bolt ,114053579,195926415,309979994,adventure animation comedy crime drama family scifi,2008
Maleficent: Mistress of Evil ,113929605,377800484,491730089,adventure family fantasy,2019
Wild Wild West ,113804681,108300000,222104681,action comedy scifi western,1999
Night at the Museum: Secret of the Tomb ,113746621,249458014,363204635,adventure comedy family fantasy,2014
Magic Mike ,113721571,54018390,167739961,comedy drama,2012
The Addams Family ,113502426,78000000,191502426,comedy fantasy,1991
The Patriot ,113330342,101964000,215294342,action drama history war,2000
Bad Moms ,113257297,70678777,183936074,comedy,2016
The Bourne Legacy ,113203870,162940880,276144750,action adventure thriller,2012
The Pacifier ,113086868,85550000,198636868,action comedy drama family,2005
Dr. Dolittle 2 ,112952899,63151445,176104344,comedy family fantasy,2001
It's Complicated ,112735375,106368280,219103655,comedy drama romance,2009
Spy Kids ,112719001,35215179,147934180,action adventure comedy family scifi,2001
Face/Off ,112276146,133400000,245676146,action crime scifi thriller,1997
The Hangover Part III ,112200072,249800000,362000072,comedy crime,2013
Twins ,111938388,104676000,216614388,comedy crime,1988
Spy Kids 3-D: Game Over ,111761982,85339696,197101678,action adventure comedy family scifi,2003
Enemy of the State ,111549836,139299953,250849789,action thriller,1998
Mr. Peabody & Sherman ,111506430,164191609,275698039,adventure animation comedy family fantasy history scifi,2014
The Last Samurai ,111127263,343500000,454627263,action drama,2003
Glass ,111048468,135950571,246999039,drama scifi thriller,2019
Spy ,110825712,124840507,235666219,action comedy,2015
Sing 2 ,110540715,82129000,192669715,adventure animation comedy family music musical,2021
Tropic Thunder ,110515313,85187650,195702963,action comedy war,2008
Godzilla: King of the Monsters ,110500138,276100000,386600138,action adventure fantasy scifi,2019
Valentine's Day ,110485654,106000000,216485654,comedy romance,2010
The Grudge ,110359362,76921753,187281115,horror mystery thriller,2004
Fun with Dick and Jane ,110332737,94349162,204681899,comedy crime,2005
Freaky Friday ,110230332,50616000,160846332,comedy family fantasy music romance,2003
Trainwreck ,110212700,30583093,140795793,comedy drama romance,2015
Bedtime Stories ,110101975,102772889,212874864,adventure comedy family fantasy romance scifi,2008
Scary Movie 3 ,110003217,110670000,220673217,comedy,2003
Creed ,109767581,63800000,173567581,action drama sport,2015
Star Trek IV: The Voyage Home ,109713132,109713132,109713132,action adventure comedy scifi,1986
The 40-Year-Old Virgin ,109449237,67929408,177378645,comedy romance,2005
Couples Retreat ,109204945,62639895,171844840,comedy,2009
A Time to Kill ,108766007,43500000,152266007,crime drama thriller,1996
Black Hawk Down ,108638745,64350906,172989651,action drama history war,2001
Terms of Endearment ,108423489,260,108423749,comedy drama,1983
Ace Ventura: When Nature Calls ,108385533,104000000,212385533,adventure comedy crime,1995
The Upside ,108252517,17603663,125856180,comedy drama,2017
The Princess Diaries ,108248956,57086197,165335153,comedy family romance,2001
Superman II ,108185706,108185706,108185706,action adventure scifi,1980
Little Women ,108101214,108500000,216601214,drama romance,2019
Hop ,108085305,75868840,183954145,adventure animation comedy family fantasy,2011
Pulp Fiction ,107928762,106000000,213928762,crime drama,1994
Paranormal Activity ,107918810,85436990,193355800,horror mystery,2007
Baby Driver ,107825862,119119225,226945087,action crime drama music thriller,2017
A League of Their Own ,107533928,24906141,132440069,comedy drama sport,1992
Epic ,107518682,160907952,268426634,action adventure animation family fantasy mystery,2013
Watchmen ,107509799,77873014,185382813,action drama mystery scifi,2009
The Angry Birds Movie ,107509366,244824563,352333929,action adventure animation comedy family,2016
Batman & Robin ,107353792,130881927,238235719,action scifi,1997
Dune ,107344390,289700000,397044390,action adventure drama scifi,2021
Captain Phillips ,107100855,111690956,218791811,action biography crime drama thriller,2013
Black Swan ,106954678,222443368,329398046,drama thriller,2010
Analyze This ,106885658,70000000,176885658,comedy crime,1999
Chicken Run ,106834564,118000000,224834564,adventure animation comedy drama family,2000
Miss Congeniality ,106807667,105935053,212742720,action comedy crime romance,2000
Indecent Proposal ,106614059,160000000,266614059,drama romance,1993
300: Rise of an Empire ,106580051,231000000,337580051,action drama,2014
GoldenEye ,106429941,245764093,352194034,action adventure thriller,1995
The Italian Job ,106128601,69941570,176070171,action crime thriller,2003
How to Lose a Guy in 10 Days ,105813373,71689014,177502387,comedy romance,2003
The Lego Movie 2: The Second Part ,105806508,86500000,192306508,adventure animation comedy family fantasy scifi,2019
The First Wives Club ,105489203,76000000,181489203,comedy,1996
Robin Hood ,105269730,216400011,321669741,action adventure drama history,2010
Interview with the Vampire: The Vampire Chronicles ,105264608,118400000,223664608,drama fantasy horror,1994
George of the Jungle ,105263257,69200000,174463257,action adventure comedy family romance,1997
Hustlers ,104963598,52600000,157563598,comedy crime drama,2019
Pitch Perfect 3 ,104897530,80502815,185400345,comedy music,2017
Phenomenon ,104636382,47400000,152036382,drama fantasy romance scifi,1996
American Wedding ,104565114,128157821,232722935,comedy,2003
Road to Perdition ,104454762,76546716,181001478,crime drama thriller,2002
The Princess and the Frog ,104400899,162644866,267045765,adventure animation comedy family fantasy musical romance,2009
The Chronicles of Narnia: The Voyage of the Dawn Treader ,104386950,311299267,415686217,adventure family fantasy,2010
Daddy Day Care ,104297061,60136806,164433867,comedy family,2003
Daddy's Home 2 ,104029443,76584381,180613824,comedy,2017
Paranormal Activity 3 ,104028807,103011037,207039844,horror mystery,2011
Journey 2: The Mysterious Island ,103860290,231400000,335260290,action adventure comedy family fantasy scifi,2012
The Mule ,103804407,71000000,174804407,crime drama thriller,2018
Dick Tracy ,103738726,59000000,162738726,action comedy crime music romance thriller,1990
Rise of the Guardians ,103412758,203528912,306941670,action adventure animation comedy drama family fantasy,2012
Dreamgirls ,103365956,52064379,155430335,drama music musical,2006
Independence Day: Resurgence ,103144286,286537649,389681935,action adventure scifi,2016
The Expendables ,103068524,171401870,274470394,action adventure thriller,2010
Scream ,103046663,70000000,173046663,horror mystery,1996
Just Go with It ,103028109,111917482,214945591,comedy romance,2011
Murder on the Orient Express ,102826543,249967538,352794081,crime drama mystery,2017
The General's Daughter ,102705852,47000000,149705852,crime drama mystery thriller,1999
The Aviator ,102610330,111109612,213719942,biography drama,2004
American Pie ,102561004,132922000,235483004,comedy,1999
Daredevil ,102543518,76636200,179179718,action crime,2003
The Girl with the Dragon Tattoo ,102515793,130101637,232617430,crime drama mystery thriller,2011
The Mummy: Tomb of the Dragon Emperor ,102491776,300958054,403449830,action fantasy horror war,2008
The Conjuring 2 ,102470008,219318211,321788219,horror mystery thriller,2016
The Maze Runner ,102427862,245891999,348319861,action mystery scifi thriller,2014
In the Line of Fire ,102314823,74682345,176997168,action crime drama thriller,1993
Annabelle: Creation ,102092201,204423683,306515884,horror mystery thriller,2017
The Equalizer 2 ,102084362,88315795,190400157,action crime thriller,2018
Bad Grandpa ,102003019,49823528,151826547,comedy,2013
Pacific Rim ,101802906,309200000,411002906,action adventure scifi,2013
Journey to the Center of the Earth ,101704370,142528318,244232688,action adventure family fantasy scifi,2008
Gone in 60 Seconds ,101648571,135553728,237202299,action crime thriller,2000
Maverick ,101631272,81400000,183031272,action adventure comedy thriller western,1994
Sleeping with the Enemy ,101599005,73400000,174999005,drama thriller,1991
The Equalizer ,101530738,90800000,192330738,action crime thriller,2014
This Is the End ,101470202,24571120,126041322,comedy,2013
Eagle Eye ,101440743,77326640,178767383,action mystery thriller,2008
The Prince of Egypt ,101413188,117200000,218613188,adventure animation drama family fantasy musical,1998
Scream 2 ,101363301,71000000,172363301,horror mystery,1997
Eraser ,101295562,141000000,242295562,action crime thriller,1996
Noah ,101200044,258000000,359200044,action adventure drama,2014
Unforgiven ,101157447,58000000,159157447,drama western,1992
The Cat in the Hat ,101149285,32811256,133960541,adventure comedy family fantasy,2003
Con Air ,101117573,122894661,224012234,action crime thriller,1997
Sleepy Hollow ,101071502,105000000,206071502,fantasy horror mystery,1999
Rampage ,101028233,327000000,428028233,action adventure scifi,2018
Collateral ,101005703,119234222,220239925,action crime drama thriller,2004
Contact ,100920329,70200000,171120329,drama mystery scifi thriller,1997
Charlie's Angels: Full Throttle ,100830111,158345677,259175788,action adventure comedy crime,2003
The Pelican Brief ,100768056,94500000,195268056,crime drama mystery thriller,1993
The Addams Family ,100723831,103060014,203783845,animation comedy family fantasy horror,2019
Vanilla Sky ,100618344,102769997,203388341,fantasy mystery romance scifi thriller,2001
Godzilla vs. Kong ,100563133,367300000,467863133,action scifi thriller,2021
Arrival ,100546139,102842047,203388186,drama scifi,2016
Due Date ,100539043,111241781,211780824,comedy drama,2010
Jumanji ,100499940,162322000,262821940,adventure comedy family fantasy,1995
The Rugrats Movie ,100494675,40400000,140894675,adventure animation comedy drama family musical,1998
Million Dollar Baby ,100492203,116271443,216763646,drama sport,2004
A Wrinkle in Time ,100478608,32197256,132675864,adventure family fantasy scifi,2018
Step Brothers ,100468793,27639418,128108211,comedy,2008
Evan Almighty ,100462298,73978426,174440724,comedy family fantasy,2007
Fifty Shades Freed ,100407760,271580078,371987838,drama romance thriller,2018
Casper ,100328194,187600000,287928194,comedy family fantasy,1995
Shakespeare in Love ,100317794,189000000,289317794,comedy drama history romance,1998
Bad Teacher ,100292856,115904636,216197492,comedy romance,2011
Yogi Bear ,100246011,103263363,203509374,adventure animation comedy family,2010
Cowboys & Aliens ,100240551,74581774,174822325,action scifi thriller western,2011
Kingsman: The Golden Circle ,100234838,310667824,410902662,action adventure comedy crime thriller,2017
Edge of Tomorrow ,100206256,270335000,370541256,action adventure scifi,2014
The Hunchback of Notre Dame ,100138851,225200000,325338851,animation drama family musical romance,1996
Se7en ,100125643,227207916,327333559,crime drama mystery thriller,1995
You Don't Mess with the Zohan ,100018837,104294563,204313400,comedy,2008
Passengers ,100014699,203129453,303144152,drama romance scifi thriller,2016
Die Hard with a Vengeance ,100012499,266089167,366101666,action adventure thriller,1995
Christopher Robin ,99215042,98529335,197744377,adventure animation comedy drama family fantasy,2018
Hercules ,99112101,153600000,252712101,adventure animation comedy family fantasy musical romance,1997
Olympus Has Fallen ,98925640,71344561,170270201,action thriller,2013
The Green Hornet ,98780042,129037206,227817248,action comedy crime,2011
Date Night ,98711404,53552476,152263880,comedy crime romance thriller,2010
Meet the Robinsons ,97822171,71510863,169333034,adventure animation comedy drama family fantasy scifi,2007
Yes Man ,97690976,125550661,223241637,comedy romance,2008
Sausage Party ,97685686,43019636,140705322,adventure animation comedy fantasy,2016
Inspector Gadget ,97403112,37000000,134403112,action adventure comedy crime family scifi,1999
Public Enemies ,97104620,117000000,214104620,action biography crime drama history,2009
The Social Network ,96962694,127957681,224920375,biography drama,2010
Schindler's List ,96898818,225262427,322161245,biography drama history,1993
Downton Abbey ,96854135,96941361,237860050,drama romance,2019
The Others ,96522687,113424350,209947037,horror mystery thriller,2001
Legally Blonde ,96520674,45254005,141774679,comedy romance,2001
Panic Room ,96397334,100682212,197079546,crime drama thriller,2002
Rocketman ,96368160,98952240,195320400,biography drama musical,2019
Zero Dark Thirty ,95720716,37100000,132820716,drama history thriller war,2012
Norbit ,95673607,64140883,159814490,comedy romance,2007
Cold Mountain ,95636509,77377000,173013509,adventure drama history romance war,2003
Sex and the City 2 ,95347692,195397363,290745055,comedy drama romance,2010
Michael ,95318203,24400000,119718203,comedy drama fantasy,1996
The Princess Diaries 2: Royal Engagement ,95170481,39564000,134734481,comedy family romance,2004
42 ,95020213,2450488,97470701,biography drama sport,2013
Unbreakable ,95011339,153106782,248118121,drama mystery scifi thriller,2000
The Book of Eli ,94835059,62272696,157107755,action adventure drama thriller,2010
"10,000 BC ",94784201,175000000,269784201,action adventure drama fantasy history,2008
Beverly Hills Chihuahua ,94514402,54778086,149292488,adventure comedy drama family romance,2008
Saturday Night Fever ,94213184,142900000,237113184,drama music,1977
Julie & Julia ,94125426,35415096,129540522,biography drama romance,2009
The Mask of Zorro ,94095523,156193000,250288523,action adventure comedy romance thriller western,1998
Maid in Manhattan ,94011225,60895468,154906693,comedy drama romance,2002
He's Just Not That Into You ,93953653,84912505,178866158,comedy drama romance,2009
Master and Commander: The Far Side of the World ,93927920,117694615,211622535,action adventure drama war,2003
Flight ,93772375,68000000,161772375,drama thriller,2012
The Fighter ,93617009,35573860,129190869,action biography drama sport,2010
America's Sweethearts ,93607673,44700000,138307673,comedy romance,2001
Lady and the Tramp ,93602326,331068,93933394,adventure animation comedy family musical romance,1955
The Bucket List ,93466502,81906000,175372502,adventure comedy drama,2007
Tomorrowland ,93436322,115599346,209035668,action adventure family fantasy mystery scifi,2015
The Magnificent Seven ,93432655,68927981,162360636,action adventure western,2016
Cats & Dogs ,93385515,107301977,200687492,action comedy family fantasy,2001
Two Weeks Notice ,93354851,105688620,199043471,comedy romance,2002
Red Dragon ,93149898,116046400,209196298,crime drama thriller,2002
Elysium ,93050117,193090583,286140700,action drama scifi,2013
Flubber ,92977226,85000000,177977226,comedy family scifi,1997
Encanto ,92661715,123560300,216222015,animation comedy drama family fantasy musical,2021
The Town ,92186262,61839874,154026136,crime drama thriller,2010
Non-Stop ,92168600,130641000,222809600,action mystery thriller,2014
The Client ,92115211,25500000,117615211,crime drama mystery thriller,1994
Blade Runner 2049 ,92054159,167280389,259334548,action drama mystery scifi thriller,2017
John Wick: Chapter 2 ,92029184,79518618,171547802,action crime thriller,2017
Star Trek: First Contact ,92027888,54000000,146027888,action adventure drama scifi thriller,1996
Halloween Kills ,92002155,39645000,131647155,horror thriller,2021
Think Like a Man ,91547205,4523302,96070507,comedy romance,2012
Kindergarten Cop ,91457688,110500000,201957688,action comedy crime,1990
Heaven Is for Real ,91443253,10539459,101982712,biography drama family,2014
The Haunting ,91411151,85900000,177311151,fantasy horror mystery thriller,1999
Crimson Tide ,91387195,66000000,157387195,action drama thriller war,1995
Ride Along 2 ,91221830,33386608,124608438,action comedy crime,2016
Stepmom ,91137662,68573131,159710793,comedy drama,1998
The Imitation Game ,91125683,142430025,233555708,biography drama thriller war,2014
Save the Last Dance ,91057006,40649803,131706809,drama music romance,2001
The Scorpion King ,91047077,89583830,180630907,action adventure fantasy,2002
Prince of Persia: The Sands of Time ,90759676,245606000,336365676,action adventure fantasy,2010
Antz ,90757863,81000000,171757863,adventure animation comedy family fantasy,1998
Scary Movie 4 ,90710620,87552000,178262620,comedy,2006
The Game Plan ,90648202,57232341,147880543,comedy family sport,2007
"Me, Myself & Irene ",90570999,58700000,149270999,comedy,2000
High School Musical 3: Senior Year ,90559416,162349761,252909177,comedy drama family music musical romance,2008
Madea Goes to Jail ,90508336,90508336,90508336,comedy crime drama,2009
Space Cowboys ,90464773,38419359,128884132,action adventure thriller,2000
Space Jam ,90418342,140000000,230418342,adventure animation comedy family fantasy scifi sport,1996
Get Hard ,90411453,21300000,111711453,comedy crime,2015
RED ,90380162,108626225,199006387,action comedy crime thriller,2010
Planes ,90288712,148970000,239258712,adventure animation comedy family sport,2013
"Legally Blonde 2: Red, White & Blonde ",90186328,34728514,124914842,comedy,2003
Mystic River ,90135191,66460000,156595191,crime drama mystery thriller,2003
Terminator Genisys ,89760956,350842581,440603537,action adventure scifi thriller,2015
Flightplan ,89707299,133680000,223387299,drama mystery thriller,2005
The Emperor's New Groove ,89636687,80025000,169661687,adventure animation comedy family fantasy,2000
The Lone Ranger ,89302115,171200000,260502115,action adventure western,2013
Taken 3 ,89256424,237222717,326479141,action crime thriller,2014
Don't Breathe ,89217875,68543127,157761002,crime horror thriller,2016
Scream 3 ,89143175,72691101,161834276,horror mystery,2000
Oblivion ,89107235,197061337,286168572,action adventure scifi,2013
The Ugly Truth ,88915214,232767386,321682600,comedy romance,2009
Percy Jackson & the Olympians: The Lightning Thief ,88768303,137728906,226497209,adventure family fantasy,2010
Failure to Launch ,88715192,41508966,130224158,comedy romance,2006
The Muppets ,88631237,76553000,165184237,adventure comedy family musical,2011
Inside Man ,88513495,97490096,186003591,crime drama mystery thriller,2006
Back to the Future Part III ,88277583,156800000,245077583,adventure comedy scifi western,1990
Waterworld ,88246220,175972000,264218220,action adventure scifi,1995
Starsky & Hutch ,88237754,82030996,170268750,comedy crime,2004
Along Came Polly ,88097164,90214565,178311729,comedy romance,2004
The Hand that Rocks the Cradle ,88036683,88036683,88036683,drama thriller,1992
Entrapment ,87704396,124700000,212404396,action crime romance thriller,1999
Peter Pan ,87404651,87404651,87404651,adventure animation family fantasy musical,1953
Pineapple Express ,87341380,14283463,101624843,action comedy crime,2008
Miss Peregrine's Home for Peculiar Children ,87242834,209239612,296482446,adventure drama family fantasy thriller,2016
Sisters ,87044645,17966408,105011053,comedy,2015
Saw II ,87039965,60708540,147748505,horror mystery,2005
The Naked Gun 2½: The Smell of Fear ,86930411,86930411,86930411,comedy crime,1991
The Campaign ,86907746,18000000,104907746,comedy,2012
The Accountant ,86260045,68900000,155160045,action thriller,2016
Dumb and Dumber To ,86208010,83629000,169837010,comedy,2014
Cruella ,86103234,147171578,233274812,adventure comedy crime drama,2021
The Emoji Movie ,86089513,131687133,217776646,adventure animation comedy family fantasy scifi,2017
Mean Girls ,86058055,44068222,130126277,comedy,2004
Annie ,85911262,50942244,136853506,comedy drama family musical,2014
Alvin and the Chipmunks: The Road Chip ,85886987,148911649,234798636,adventure animation comedy family fantasy music musical,2015
Spy Kids 2: Island of Lost Dreams ,85846429,33876929,119723358,action adventure comedy family scifi,2002
Alita: Battle Angel ,85838210,319142333,404980543,action adventure scifi thriller,2019
Fury ,85817906,126004791,211822697,action drama war,2014
Pokémon: The First Movie - Mewtwo Strikes Back ,85744662,77900000,163644662,action adventure animation family fantasy scifi,1998
Real Steel ,85468508,213800000,299268508,action drama scifi sport,2011
The SpongeBob SquarePants Movie ,85417988,55649139,141067127,adventure animation comedy family fantasy,2004
Power Rangers ,85364450,56972790,142337240,action adventure fantasy scifi,2017
Stripes ,85297000,85297000,85297000,comedy war,1981
Anchorman: The Legend of Ron Burgundy ,85288303,5421064,90709367,comedy,2004
Aliens ,85160248,45900000,131060248,action adventure scifi thriller,1986
Open Season ,85105259,115706430,200811689,adventure animation comedy drama family,2006
Green Book ,85080171,236672485,321752656,biography comedy drama music,2018
The Expendables 2 ,85028192,229947763,314975955,action adventure thriller,2012
Dangerous Minds ,84919401,94600000,179519401,biography drama,1995
Paranormal Activity 2 ,84752907,92759125,177512032,horror mystery,2010
Tammy ,84525432,15850000,100375432,comedy romance,2014
The Santa Clause 3: The Escape Clause ,84500122,26268000,110768122,adventure comedy family fantasy,2006
Ferdinand ,84410380,211658819,296069199,adventure animation comedy drama family,2017
"Crazy, Stupid, Love. ",84351197,60700000,145051197,comedy drama romance,2011
Annabelle ,84273813,173305469,257579282,horror mystery thriller,2014
Scooby-Doo 2: Monsters Unleashed ,84216833,97000000,181216833,adventure comedy family fantasy horror mystery scifi,2004
Birds of Prey ,84158461,117700000,201858461,action adventure comedy crime,2020
Atlantis: The Lost Empire ,84056472,101997253,186053725,action adventure animation family fantasy scifi,2001
Cliffhanger ,84049211,170951000,255000211,action adventure thriller,1993
The Other Woman ,83911193,112799203,196710396,comedy romance,2014
The X Files ,83898313,105278110,189176423,drama mystery scifi thriller,1998
Penguins of Madagascar ,83850911,289664710,373515621,adventure animation comedy family scifi,2014
Die Hard ,83844093,57759104,141603197,action thriller,1988
Up in the Air ,83823381,83019358,166842739,comedy drama romance,2009
Wrath of the Titans ,83670083,218300000,301970083,action adventure fantasy,2012
Insidious: Chapter 2 ,83586447,78332871,161919318,horror mystery thriller,2013
Under Siege ,83563139,73000000,156563139,action thriller,1992
Battle Los Angeles ,83552429,128266925,211819354,action scifi,2011
Immortals ,83504017,143400000,226904017,action drama fantasy romance,2011
I Can Only Imagine ,83482352,2604529,86086881,biography drama family music,2018
Apocalypse Now ,83471511,8686553,92158064,drama mystery war,1979
Patriot Games ,83351587,94700000,178051587,action thriller,1992
Saving Mr. Banks ,83301580,34566404,117867984,biography comedy drama,2013
Smallfoot ,83240103,130800000,214040103,adventure animation comedy drama family fantasy musical,2018
Good Boys ,83140306,27896926,111037232,adventure comedy,2019
Valkyrie ,83077833,118467684,201545517,drama history thriller war,2008
Brokeback Mountain ,83043761,95018998,178062759,drama romance,2005
Turbo ,83028128,199542554,282570682,adventure animation comedy family sport,2013
Disclosure ,83015089,131000000,214015089,drama thriller,1994
Charlotte's Web ,82985708,65978114,148963822,adventure comedy family fantasy,2006
Monster-in-Law ,82931301,72526026,155457327,comedy romance,2005
Are We There Yet? ,82674398,15244265,97918663,adventure comedy family fantasy romance,2005
Freddy vs. Jason ,82622655,34009973,116632628,action horror,2003
Star Trek: The Motion Picture ,82604699,82604699,82604699,adventure mystery scifi,1979
The Descendants ,82584160,94659025,177243185,comedy drama,2011
Cheaper by the Dozen 2 ,82571173,47583395,130154568,adventure comedy family,2005
Mr. Holland's Opus ,82569971,23700000,106269971,drama music,1995
Bram Stoker's Dracula ,82522790,133339902,215862692,drama fantasy horror romance,1992
Let's Be Cops ,82390774,55834177,138224951,action comedy crime,2014
Blade II ,82348319,72661713,155010032,action horror scifi thriller,2002
Beowulf ,82280579,114113166,196393745,action adventure animation fantasy,2007
Bridge to Terabithia ,82272442,55314621,137587063,drama family fantasy,2007
The Pink Panther ,82226474,81889423,164115897,adventure comedy crime mystery,2006
Teenage Mutant Ninja Turtles: Out of the Shadows ,82051601,163572247,245623848,action adventure comedy scifi,2016
The Post ,81903458,98515818,180419276,drama,2017
Alien ,81900459,24385063,106285522,horror scifi,1979
Maze Runner: The Scorch Trials ,81697192,230598864,312296056,action adventure scifi thriller,2015
Eight Below ,81612565,38843429,120455994,adventure drama family,2006
MASH ,81600000,81600000,81600000,comedy drama war,1970
Unstoppable ,81562942,86242524,167805466,action thriller,2010
Payback ,81526121,80100000,161626121,action crime drama thriller,1999
Ted 2 ,81476385,134387221,215863606,comedy,2015
The Talented Mr. Ripley ,81298265,47501244,128799509,crime drama thriller,1999
School of Rock ,81261177,49834813,131095990,comedy music,2003
Snow Dogs ,81172560,33862530,115035090,adventure comedy family sport,2002
21 ,81159365,78649005,159808370,crime drama history thriller,2008
While You Were Sleeping ,81057016,101000000,182057016,comedy drama romance,1995
Congo ,81022101,71000000,152022101,action adventure mystery scifi,1995
The Notebook ,81001787,36813370,117815157,drama romance,2004
Jimmy Neutron: Boy Genius ,80936232,22056304,102992536,action adventure animation comedy family scifi,2001
Eat Pray Love ,80574010,124020006,204594016,biography drama romance,2010
The Texas Chainsaw Massacre ,80571655,26792250,107363905,crime horror,2003
Zookeeper ,80360843,89491916,169852759,comedy family fantasy romance,2011
